Date,Location,Temperature,Humidity,Rainfall,Wind_Speed,Pressure,Weather_Condition
2026-01-01,Pune,26.276212094839753,59.308678494144075,2.6334913870908987,6.664359645859239,1013.5945109234469,Sunny
2026-01-01,Mumbai,29.732029942812016,80.05257642403264,2.4625001234091806,8.591576842195144,1014.7128002179298,Cloudy
2026-01-01,Nashik,21.875882480280517,52.671351232148716,0.7255074589209543,2.162352961919196,1016.7518484119845,Sunny
2026-01-01,Bengaluru,26.075539414689988,60.3806200119207,0.30046905745467734,7.275927773436367,1004.9384814933236,Sunny
2026-01-01,Delhi,25.698548634615555,56.87111849756732,0.4454717242573806,17.678464093113377,1013.971165109398,Sunny
2026-01-01,Hyderabad,27.33997462536837,59.422821689537734,0.37392250395483284,8.198083930243586,1010.5415312510336,Sunny
2026-01-02,Pune,23.564576692672,69.26139092254469,0.2603044679088973,8.39905358847254,1011.9723606883994,Sunny
2026-01-02,Mumbai,28.495217088665598,76.94674456628061,2.1725115971299607,10.626590785014265,1002.2016493806011,Cloudy
2026-01-02,Nashik,19.748378100999414,55.984306179345616,6.985614265472453,10.655914948161588,1016.4088051947431,Rainy
2026-01-02,Bengaluru,21.546129866082723,60.08352893231556,0.6331208864176514,8.618083687120638,1017.2856111310946,Sunny
2026-01-02,Delhi,22.927888947166643,49.18479922318633,0.3037962956412577,11.746368384139117,1016.4387422979668,Sunny
2026-01-02,Hyderabad,29.304674048517395,65.77498898622368,0.1538585310275927,7.4823474303320845,1010.4539381207439,Sunny
2026-01-03,Pune,25.931397912955415,64.8777256356118,0.803637602502602,9.466803636188034,1009.9480834565685,Sunny
2026-01-03,Mumbai,32.05253019619826,70.5089603027216,2.02977871785204,9.783969635258998,1017.0176644894601,Sunny
2026-01-03,Nashik,24.007329397065593,51.774401226974376,2.860785506153728,14.486302758650421,1013.6909062599666,Sunny
2026-01-03,Bengaluru,32.53397996851319,63.39804597466312,1.1156283878168547,10.261141204714514,1010.5049632476706,Sunny
2026-01-03,Delhi,22.332641275785264,48.06215542699554,4.762531059691951,8.396750638979483,1004.5247306459283,Sunny
2026-01-03,Hyderabad,25.130093512701706,65.71855641885614,0.16020855710035273,7.574519191320437,1009.4912147820773,Sunny
2026-01-04,Pune,27.426110147859823,61.64375554829842,3.255937881481113,14.11558640064933,1012.8777664697742,Sunny
2026-01-04,Mumbai,28.364383487493196,78.36562751386988,0.23318432024770167,8.823675540603528,1004.6824252593394,Cloudy
2026-01-04,Nashik,23.877905546266078,56.30527636089945,0.013952818363301294,2.0344718573095903,1013.7275897194438,Sunny
2026-01-04,Bengaluru,23.148813724653905,66.55431571765028,0.8238171597248649,9.516142865001973,1014.0202542840727,Sunny
2026-01-04,Delhi,26.853069606630964,58.872889064159196,0.9039489979339247,9.94434758646508,1003.6324768900489,Sunny
2026-01-04,Hyderabad,24.456275267515494,57.03706910298405,0.07516895553104506,10.18069062982308,1024.3162105624265,Sunny
2026-01-05,Pune,24.69102718552209,61.50773671166806,0.3130617219709395,11.01946289255993,1011.9630992502771,Sunny
2026-01-05,Mumbai,31.090171694240905,69.25103711252821,2.8677752524789257,12.37309584112914,1007.4530627260264,Sunny
2026-01-05,Nashik,26.67891537481514,47.990744686038596,2.0076756542752765,7.358077544410692,1012.3844747429229,Sunny
2026-01-05,Bengaluru,22.938348391966578,72.61581304170977,0.4128642132151131,10.298954095262923,1009.482621729419,Sunny
2026-01-05,Delhi,18.29527101980956,58.34281487403014,2.072248683095384,11.609008097146196,1007.4265453436936,Sunny
2026-01-05,Hyderabad,28.72330013737923,61.195313115684684,0.2958888268785579,7.650240122991288,1010.3896924189717,Sunny
2026-01-06,Pune,27.239996438319046,53.84567841783022,3.3989681452784426,14.091659573251317,1024.6958135813466,Sunny
2026-01-06,Mumbai,28.39497600032264,73.97066641452247,4.550246450389046,10.77964838274527,1015.9091143588865,Sunny
2026-01-06,Nashik,20.113826617699665,48.39771693457862,2.588930859454236,11.852922536533434,1018.0853539849005,Sunny
2026-01-06,Bengaluru,24.771924068642058,72.23700716288319,0.01847921122198882,10.879217419896044,1008.4282429098681,Sunny
2026-01-06,Delhi,26.870639672756763,60.36916460455894,2.1108829642704974,12.203503194640136,1007.227513690193,Sunny
2026-01-06,Hyderabad,25.32825483323505,56.347859734397346,2.7447151033315813,12.890128387732965,1014.0639046346824,Sunny
2026-01-07,Pune,27.29556648978493,69.48396491326974,0.19671412289682097,5.89038682985111,1008.1410962525337,Sunny
2026-01-07,Mumbai,31.437099960275948,73.80202745903095,1.9946687714729663,10.039005675633721,1019.2676703857866,Sunny
2026-01-07,Nashik,22.578774006703817,68.6008458329481,0.434429790650477,7.110953121801621,1016.8859000040653,Sunny
2026-01-07,Bengaluru,24.345366250973765,67.31364091451091,0.3898671404496454,9.329611644022448,1015.5700024704605,Sunny
2026-01-07,Delhi,23.42351015123257,57.63585543671564,6.627470952260411,8.642613302965993,1015.885248974518,Rainy
2026-01-07,Hyderabad,29.854344010664498,60.289291436973095,0.7622924628614342,10.642281232390612,1005.7713061064401,Sunny
2026-01-08,Pune,25.707509858854483,61.92658689864418,1.688224672871311,10.692861168835398,1007.9553155430482,Sunny
2026-01-08,Mumbai,31.91811631638247,75.25680429739818,2.70006849670734,13.249153729525831,1017.2690102601745,Cloudy
2026-01-08,Nashik,19.8303841243338,50.310874800424386,3.3147490145194247,10.913347359612558,1013.2860374549006,Sunny
2026-01-08,Bengaluru,24.33438708039112,72.35956994406196,1.3923687551023984,11.7126715320795,1017.677828200903,Sunny
2026-01-08,Delhi,24.659561952959535,61.25695625652899,4.414646952693534,6.542303885019955,1004.4961580339641,Sunny
2026-01-08,Hyderabad,27.687114539499873,57.72035541085316,0.073208208421714,16.943975700020527,1002.6636740370412,Sunny
2026-01-09,Pune,27.024268117264846,51.93642064405174,0.06195012420294909,7.32063917911233,1010.3259137630263,Sunny
2026-01-09,Mumbai,33.209567994160764,75.64275500035541,0.4862360068598067,7.80890010484859,1013.0822929479099,Cloudy
2026-01-09,Nashik,23.422547241088097,51.74199826197091,1.5558208853894844,14.090306472855113,1016.1438298880244,Sunny
2026-01-09,Bengaluru,24.346475836978225,70.21037008433366,0.7800394282119576,8.014640605694836,1016.2621666739811,Sunny
2026-01-09,Delhi,20.32731579524681,57.42631779266551,0.05135521908294876,7.684542766729734,1020.3065086530407,Sunny
2026-01-09,Hyderabad,26.472999913452643,60.410765467447085,0.5760119782531672,15.296362720843291,1014.0249085548048,Sunny
2026-01-10,Pune,22.19037640252534,64.58930973527389,6.196206997112613,11.131888796381228,1020.2567549323975,Rainy
2026-01-10,Mumbai,26.02550687302321,84.21857898875923,0.569322584548127,13.800733447559868,1008.4616526719061,Cloudy
2026-01-10,Nashik,24.452134858728527,58.87317026714668,1.2855691888257847,9.941673577301355,1007.3370417171946,Sunny
2026-01-10,Bengaluru,21.105230102163304,67.47440747626793,1.1377982626046477,14.897233911794906,1004.8492931101969,Sunny
2026-01-10,Delhi,21.242475071620497,58.65370288643046,0.938768009310123,10.175526706920532,1023.7399846422516,Sunny
2026-01-10,Hyderabad,28.355025060289268,66.54869087479908,0.35570573753461465,10.59717908672041,1008.998915614206,Sunny
2026-01-11,Pune,25.550958632161535,58.073432015691196,5.634510910774304,4.307869052534027,1018.4027038083873,Rainy
2026-01-11,Mumbai,27.83861922525816,85.55658820808125,1.5776287211526403,9.54464471489325,1014.9415860324228,Cloudy
2026-01-11,Nashik,24.07893308902407,51.88650240089703,0.14769925389285404,12.654971401559997,1009.6773512567752,Sunny
2026-01-11,Bengaluru,22.82086050742079,66.2225567954182,2.386310816879827,12.698799626299753,1013.536497604383,Sunny
2026-01-11,Delhi,24.40860871678389,61.14814420961806,0.6626677246134771,11.655211031395224,1008.4493602103626,Sunny
2026-01-11,Hyderabad,22.907274389857033,55.89714947859073,2.995909006687174,11.641292143510114,1010.9890367378305,Sunny
2026-01-12,Pune,24.86600599166919,65.49388425993595,2.779569432990922,8.776253941686113,1013.3081152798624,Sunny
2026-01-12,Mumbai,29.440575272420304,79.6546704198704,3.50266511504666,12.045858913884892,1010.4486662170327,Cloudy
2026-01-12,Nashik,24.220624880958344,54.34928472816158,6.015899080207979,15.736952919519911,1017.3261354127346,Rainy
2026-01-12,Bengaluru,19.930096249399202,65.76613244105046,0.7969726691007795,13.474332620500203,1015.9583134698147,Sunny
2026-01-12,Delhi,23.97050854236763,61.1417275463214,0.19127389308063888,7.902560265724248,1011.955914768771,Sunny
2026-01-12,Hyderabad,22.18516462816154,70.8521575828336,4.373237328441602,7.523508409622465,1010.393070791735,Sunny
2026-01-13,Pune,26.476171661697393,57.18137723598013,1.92581135949607,8.70008977929232,1013.0191136376374,Sunny
2026-01-13,Mumbai,30.84161603254465,79.3627079571524,0.16969750116062413,5.655746975508028,1004.9626811281172,Cloudy
2026-01-13,Nashik,21.64773247287724,53.932764241440765,3.0024850809092514,3.8887721950835825,1019.8501614027134,Sunny
2026-01-13,Bengaluru,23.68803242081756,67.97718585504852,1.2647087391658525,10.968155681014268,1007.8638452822383,Sunny
2026-01-13,Delhi,23.742209311611262,65.66369456501289,6.549440418204754,5.663170082583752,1007.7793154324113,Rainy
2026-01-13,Hyderabad,26.58583993443041,64.28838227214419,6.605740212503822,10.67227744543125,1012.062962003909,Rainy
2026-01-14,Pune,25.721535778383977,56.134951080722665,6.96715044251201,16.827283892701608,1014.0311334252497,Rainy
2026-01-14,Mumbai,28.39749002799097,84.29983503243466,1.9753483460160441,12.616961910162034,1012.9167100286918,Cloudy
2026-01-14,Nashik,28.95185286505608,50.95850857322424,0.6497468397902603,9.52682812523769,1005.2247102224103,Sunny
2026-01-14,Bengaluru,27.05884654205684,58.94934337501992,0.16184456886636958,11.025267927331479,1021.3808541960794,Sunny
2026-01-14,Delhi,24.853405127477025,55.115481721687985,2.3086591672976313,12.225889049588396,1019.3832931271481,Sunny
2026-01-14,Hyderabad,29.227952915417948,61.33850278028768,4.02078476009384,13.538320362163862,1009.6541217394765,Sunny
2026-01-15,Pune,21.227870267505182,66.76936187082707,7.007417108751925,10.826905473662222,1013.3936151748533,Rainy
2026-01-15,Mumbai,23.380045086943042,70.49353090667665,0.6387777843001224,10.01573109915455,1012.2349029688237,Sunny
2026-01-15,Nashik,22.385542911534266,58.114249661737496,1.197653654799729,5.8942296533744285,1014.677459049876,Sunny
2026-01-15,Bengaluru,27.161823625508543,75.70685498459092,0.8868409245942122,10.996942035938774,1008.2575673172172,Cloudy
2026-01-15,Delhi,26.388586529038683,58.57837317146429,1.4686197208470302,10.509918708721925,1017.7662259321423,Sunny
2026-01-15,Hyderabad,30.07715620661257,62.83044066254075,1.033294627976234,11.936127848755444,1018.8431577876618,Sunny
2026-01-16,Pune,23.131607663617952,63.4302572999922,0.2932251024565573,4.807380688703298,1019.2216939599091,Sunny
2026-01-16,Mumbai,31.759075215683595,74.31461089479073,0.8562052288502234,14.507071156288085,1012.3704739020989,Sunny
2026-01-16,Nashik,27.61545517899644,48.099492708925546,3.9662812873686133,9.95584522409519,1015.9820271484816,Sunny
2026-01-16,Bengaluru,23.840453548690498,59.67653401902496,7.827306195161183,3.79767369988037,1011.554399802436,Rainy
2026-01-16,Delhi,19.28274256380608,61.348362744150194,0.15779060995247007,6.696244285458665,1014.4383663746165,Sunny
2026-01-16,Hyderabad,29.412336394097718,60.54653845984478,1.2847622832931873,7.042821860993369,1014.5202325775892,Sunny
2026-01-17,Pune,24.251320819830116,56.03563583868828,0.3896236349662159,5.697733392302428,1011.0423358804335,Sunny
2026-01-17,Mumbai,29.72064987332196,63.58598754979601,2.3449148680250844,7.900823476022243,1013.0698995536711,Sunny
2026-01-17,Nashik,23.296144741534146,53.89515200233389,3.281870366453285,7.790763483227061,1014.8975220077492,Sunny
2026-01-17,Bengaluru,23.208765274917415,61.85972990438188,1.3253251293372288,5.454426813404343,1018.8343713372226,Sunny
2026-01-17,Delhi,26.689384149514428,56.75481980221811,0.07474590464295693,12.554206277136487,1007.0603207710172,Sunny
2026-01-17,Hyderabad,27.648516264680786,66.8431157815221,1.5190590047061379,9.6162472255577,1007.2222977969979,Sunny
2026-01-18,Pune,21.593726648668646,61.017318179336115,0.6273492237570877,9.439284632318774,1011.7610456131323,Sunny
2026-01-18,Mumbai,26.956685866946103,71.72813326943492,0.7934984604639653,15.061424905217695,1016.4081987847472,Sunny
2026-01-18,Nashik,23.589910846021034,62.39972069445013,0.1818641890349117,17.122988210477164,1017.0726634634365,Sunny
2026-01-18,Bengaluru,23.508581052128765,75.9101909148189,0.27296933345862445,7.373145239845728,1005.0860013451784,Cloudy
2026-01-18,Delhi,24.92528631814168,67.54708320235065,0.8804135193036123,10.083072794848638,1012.6368273926857,Sunny
2026-01-18,Hyderabad,26.706285350745134,60.80753316307971,0.33177658517965175,8.048072292634519,1009.5643730811765,Sunny
2026-01-19,Pune,24.161554512787554,55.68004615160092,0.380804867325774,2.4917214350133534,1015.4232110077759,Sunny
2026-01-19,Mumbai,30.618172495842582,74.57545583752083,4.0124881239363095,8.269686008295002,1015.7769561291287,Sunny
2026-01-19,Nashik,24.89483229244568,50.11222377600724,5.300770189919911,16.12996146904692,1020.0980607771866,Rainy
2026-01-19,Bengaluru,26.975069674355602,64.1913254213609,0.4141559642921417,7.71022253037245,1002.9755894966775,Sunny
2026-01-19,Delhi,18.57368322867682,58.24042473330691,0.2439665442882709,5.427128400490024,1015.9886815728931,Sunny
2026-01-19,Hyderabad,24.794685001910022,63.338713328516306,1.312242756057055,8.044491676593523,1012.236993356582,Sunny
2026-01-20,Pune,23.524012385978345,58.077222278850876,0.13094451754504977,8.194093963310847,1015.8012554731768,Sunny
2026-01-20,Mumbai,32.440868561259336,78.85819074650668,1.8108931883382795,2.585066499618132,1008.0155237226476,Cloudy
2026-01-20,Nashik,25.117726117139576,53.984773069785035,3.551214142283596,10.50918785317112,1012.4469695957282,Sunny
2026-01-20,Bengaluru,25.8951559976351,75.900670475376,3.6881542826429556,11.012807986225607,1009.9406151693877,Cloudy
2026-01-20,Delhi,21.456030239006992,55.8372090609019,0.3588893131199014,11.630449458891333,1017.1746046354029,Sunny
2026-01-20,Hyderabad,22.154779420003532,63.80389212336714,4.194405334588665,13.603641766491835,1009.9596231348922,Sunny
2026-01-21,Pune,20.61204090640811,54.95956844541298,1.2423221197992051,13.154779122014999,1007.7822751887727,Sunny
2026-01-21,Mumbai,25.756722402493928,75.08026709321966,4.596679699101167,12.488216743550467,1000.9443234549606,Cloudy
2026-01-21,Nashik,24.29638863962416,58.85432596943483,0.2486292317155595,10.495583140361731,1014.8446833723482,Sunny
2026-01-21,Bengaluru,22.52033545999099,65.99813563416224,3.160002791360534,11.898345598318855,1023.353464289022,Sunny
2026-01-21,Delhi,23.16201788199898,59.24110293150168,0.32898264025268176,6.725828688119589,1007.9149928036956,Sunny
2026-01-21,Hyderabad,31.481780525501804,64.01017240023461,4.187334688771876,13.112619832773698,1009.4499180057263,Sunny
2026-01-22,Pune,25.064761747547916,55.106181421088465,3.19201072665298,8.717776172651574,1009.2367711332649,Sunny
2026-01-22,Mumbai,32.14907488256975,79.86778723760062,2.0496884174747816,11.240304709671102,1021.3839790627903,Cloudy
2026-01-22,Nashik,21.804976088022414,48.776726483442914,0.40080254903306367,10.51178261074259,1016.1778269917495,Sunny
2026-01-22,Bengaluru,22.51234072965365,56.37640169273799,5.885647473994422,10.839905878959462,1006.3725547635081,Rainy
2026-01-22,Delhi,28.853829034823413,58.64610590987614,0.03655236081299447,15.346490855608236,1014.9513730953089,Sunny
2026-01-22,Hyderabad,28.28160167823869,64.21058332656736,0.3310210182482434,15.6460734894251,1018.7271002307749,Sunny
2026-01-23,Pune,29.754293379085706,57.443921617844076,5.447353771524949,9.729317007831371,1015.9053663380822,Rainy
2026-01-23,Mumbai,36.11805456683093,77.61976333553896,1.0183296868180272,9.525976304263033,1009.8655946502629,Cloudy
2026-01-23,Nashik,21.241065874336794,46.72571664067115,1.5417660482477635,9.31036128566084,1015.1407000674034,Sunny
2026-01-23,Bengaluru,27.946640678926503,63.90762891478804,1.2037555469846788,9.221225945909186,1004.4842852344095,Sunny
2026-01-23,Delhi,22.156969152272353,56.63638215126165,1.3797760856056354,12.413317330332596,1011.2139305331777,Sunny
2026-01-23,Hyderabad,30.472476485000588,52.77547379851953,2.000781545035696,9.193333928335509,1006.4673704562916,Sunny
2026-01-24,Pune,32.2363754865366,60.29609217007244,0.13886410165650834,7.65236888429656,1015.3714023437338,Sunny
2026-01-24,Mumbai,29.51586592970439,75.77518311797759,0.4231408596176317,9.901740189352005,1009.2828761443312,Cloudy
2026-01-24,Nashik,22.020861521719034,55.53215113845948,2.9880051871967446,14.165746807120865,998.7032432147531,Sunny
2026-01-24,Bengaluru,19.60703434111459,61.79679961156214,1.6403269142757495,8.971937217758953,1010.1427956700211,Sunny
2026-01-24,Delhi,19.284196741617393,54.110916562045624,2.065646530188914,8.91432708630099,1011.652050885435,Sunny
2026-01-24,Hyderabad,29.01626596981308,58.136664288632645,2.1512995646350714,12.165016192129706,1006.3547411439139,Sunny
2026-01-25,Pune,24.5230865395252,62.44687280613959,2.1153981778411537,8.947955416363637,1010.853919742232,Sunny
2026-01-25,Mumbai,31.869046975533646,70.2979311271605,3.871672674907859,8.91710150254276,1017.7966490168212,Sunny
2026-01-25,Nashik,21.13172888622489,58.07967803472132,0.6938671772250337,4.9906624837948,1020.8234346713136,Sunny
2026-01-25,Bengaluru,21.73063412785183,63.91847295472577,0.9550796162170755,5.330112479428289,1015.0300497567282,Sunny
2026-01-25,Delhi,19.633313823983926,66.77397090992183,1.606134733029689,4.739591751248012,1009.2753888252055,Sunny
2026-01-25,Hyderabad,30.263943930656474,61.845208746817136,3.2174289078598006,8.909163363358433,1011.7152718813946,Sunny
2026-01-26,Pune,26.63505560733101,51.449158036716874,2.0073946638690727,8.13143649069615,1009.9092848299537,Sunny
2026-01-26,Mumbai,26.64443273570755,75.50408711127027,0.6357529434578657,10.587535765293044,1007.1081361119249,Cloudy
2026-01-26,Nashik,24.88618307438704,46.4870819788108,2.107777267972054,8.592556839415195,1014.6346870631589,Sunny
2026-01-26,Bengaluru,28.916884798015555,75.8524731763057,2.187468458815025,4.477377306005064,1005.6021151663215,Cloudy
2026-01-26,Delhi,21.303504740861666,58.130455251054165,0.36372341009854464,8.955960741109484,1012.9927918144815,Sunny
2026-01-26,Hyderabad,24.27963876720375,64.90511004932993,0.9862845138503767,7.230300261667287,1005.2415769719183,Sunny
2026-01-27,Pune,23.45677555103749,65.2682089830392,1.6712870614114044,16.243943970295426,1010.4772318075637,Sunny
2026-01-27,Mumbai,30.13476070085012,75.89518398274483,0.4839912264880946,8.273086521286679,1012.6100490732268,Cloudy
2026-01-27,Nashik,30.29667002915281,54.519700501376754,0.8136637558762008,8.943481049201228,1013.2126021280626,Sunny
2026-01-27,Bengaluru,25.346072230300972,66.32573863811943,1.3683404533261372,8.119098826636698,1021.0622427899847,Sunny
2026-01-27,Delhi,24.66583852211951,55.18766612052866,3.21304312792038,6.736657194214715,1016.6474125367239,Sunny
2026-01-27,Hyderabad,23.489291361303223,67.72067601308208,0.19210146921330645,9.77669971269986,1015.1033604877534,Sunny
2026-01-28,Pune,26.371353044138836,53.323278206449494,4.126283588564117,12.45009555314071,1015.0933097985496,Sunny
2026-01-28,Mumbai,33.142772075317204,80.31104925456856,3.783543976100559,9.789502865624058,1003.6951953324201,Cloudy
2026-01-28,Nashik,25.001146089637164,56.03843843581556,0.3983056507757,12.455454203915618,1012.66923827123,Sunny
2026-01-28,Bengaluru,26.043699870598413,66.93363812017104,7.084939845244507,9.881334538430036,1015.4075034868631,Rainy
2026-01-28,Delhi,22.997896482131853,58.14878069747873,0.7686810430390687,5.78452023290662,1014.5051667175867,Sunny
2026-01-28,Hyderabad,25.32088835623785,68.38963414619083,2.5802728744407553,9.439385067515923,1009.8013447086291,Sunny
2026-01-29,Pune,29.57491239111591,60.98277388255787,0.7676592140803179,12.603295072512665,1013.4151610269761,Sunny
2026-01-29,Mumbai,26.583808751667767,77.92751730429289,0.04940682748831045,10.246851967826272,1017.3274018753267,Cloudy
2026-01-29,Nashik,22.664246554980647,62.0467372009279,1.3073746085703826,12.759482530442991,1013.5693098173507,Sunny
2026-01-29,Bengaluru,20.752916867398504,59.20700500002926,2.675635551947331,8.73943954871243,1010.5910769556974,Sunny
2026-01-29,Delhi,19.596341402645884,53.40674026757901,0.7028293794646111,4.19896509667732,1005.9630208417682,Sunny
2026-01-29,Hyderabad,25.281022481038658,65.41311618228573,5.989912507479552,12.952967195429752,1010.9300557788724,Rainy
2026-01-30,Pune,25.863891826188873,63.37409746083302,1.900788345152873,13.501308743150908,1020.1055427889386,Sunny
2026-01-30,Mumbai,26.062650256176596,75.36981482036784,0.38845154004673454,8.130578420725707,1009.2226144041987,Cloudy
2026-01-30,Nashik,22.39408328205366,60.94508265553776,0.11916601666553696,8.879802194870292,1006.1321489649393,Sunny
2026-01-30,Bengaluru,26.97731736243864,73.242654692538,0.3342257695870137,8.343330867157086,1015.1646590887775,Sunny
2026-01-30,Delhi,23.494858652448205,50.42127942501384,1.797589048373838,7.479669764249985,1012.8234891371857,Sunny
2026-01-30,Hyderabad,27.08121353757155,64.91900188078145,0.27740932193880063,10.857596172174715,1013.6722839499351,Sunny
2026-01-31,Pune,27.663702569386285,70.05102269383175,0.18200979350470162,4.754359045127421,1005.7132984978558,Sunny
2026-01-31,Mumbai,32.22759397910216,70.24658104297336,1.3698649678353072,8.447166102891487,1013.1189397581945,Sunny
2026-01-31,Nashik,23.976284647522327,60.94196636724042,1.310110274871182,13.616884233858512,1013.7156752550844,Sunny
2026-01-31,Bengaluru,28.32702889717224,62.34091928933652,1.6681866820699471,11.751784555977892,1010.2035395460647,Sunny
2026-01-31,Delhi,24.493978964434984,63.54351790291454,3.802011437083213,11.216852779421137,1015.5750350690057,Sunny
2026-01-31,Hyderabad,29.273383468171776,66.28722965858702,2.27974858345773,14.14647697311258,1015.2435494379482,Sunny
2026-02-01,Pune,25.629036013938965,60.733568432166614,0.8162939650186172,7.931379036758901,1014.4747775878076,Sunny
2026-02-01,Mumbai,31.092462601696102,77.00206014619218,1.416390610619194,10.57329720405971,1012.2321827407808,Cloudy
2026-02-01,Nashik,20.647190862281303,58.731267830136105,2.010275055883101,14.485401236552235,1013.0681521221426,Sunny
2026-02-01,Bengaluru,25.71328258146844,65.99310121333886,1.558572038139779,9.714113402839144,1013.3951076288517,Sunny
2026-02-01,Delhi,24.566572489022448,58.93304561578179,0.21630599533054923,10.526637489671524,1014.0425617418871,Sunny
2026-02-01,Hyderabad,27.58090022882337,59.97667088346477,2.463181990242625,10.398909022440629,1008.4993959253042,Sunny
2026-02-02,Pune,29.063626915388706,52.384065476081126,0.0936424785559097,11.101306800364203,1009.3709730634353,Sunny
2026-02-02,Mumbai,29.74841432557911,64.82379879687248,2.9428978451677135,8.334401419920404,1021.4057853472029,Sunny
2026-02-02,Nashik,20.45597559203599,44.00597021689959,0.3573535849091114,11.945909004162884,1016.9365444962831,Sunny
2026-02-02,Bengaluru,27.88064331664372,74.55271912346106,0.6383716973474793,11.950603533875983,1011.5041206811031,Sunny
2026-02-02,Delhi,27.692602833195764,52.64957616836924,1.0136486060182792,12.693665616281026,1010.9671641578434,Sunny
2026-02-02,Hyderabad,26.298830517048497,58.65439459443679,0.06325809819111,6.245381727428668,1019.2188230203662,Sunny
2026-02-03,Pune,25.899492680353816,65.58647915794064,6.896164682401602,10.809008072191212,1010.8497178220181,Rainy
2026-02-03,Mumbai,31.87415947945929,78.61270040145038,3.725865221629178,11.928168279602632,1018.6457626506622,Cloudy
2026-02-03,Nashik,24.59617355058891,58.54501878794256,3.184545077863279,6.90784749159543,1011.7511674517546,Sunny
2026-02-03,Bengaluru,26.04231547218451,64.21300241550846,1.1253114398483806,9.87952614806697,1004.8461244894097,Sunny
2026-02-03,Delhi,23.425131663612213,54.5947417126256,0.6266655932249148,8.09618489411993,1016.9787611834067,Sunny
2026-02-03,Hyderabad,27.412623526844293,61.873054768077566,0.15041044461339573,8.64308104225277,999.8806033668552,Sunny
2026-02-04,Pune,22.173646453867924,63.80207328072149,2.374768228778372,11.116394173279483,1014.3943608196591,Sunny
2026-02-04,Mumbai,30.07296106983691,72.14497640180214,0.22170710161909227,9.989192382728294,1006.2081765540373,Sunny
2026-02-04,Nashik,27.89189926700011,59.386811452878355,1.6403648480762212,7.371043996077455,1012.1883011658397,Sunny
2026-02-04,Bengaluru,24.460438183378763,67.56930777258319,0.1636753792161745,6.995139970315254,1010.5944985355702,Sunny
2026-02-04,Delhi,27.627619829706042,61.20421430633505,3.2247514382215186,8.519611550907953,1009.7750833931307,Sunny
2026-02-04,Hyderabad,28.822179918452868,58.00727342196909,2.451589879023199,10.178891109760523,1008.7653161114721,Sunny
2026-02-05,Pune,27.907158830941576,61.96742692710875,2.5041349457440525,8.26161017778979,1017.4450499089239,Sunny
2026-02-05,Mumbai,30.44793396244626,79.75072735499415,3.3997952193310375,16.225782617875797,1008.5540609095522,Cloudy
2026-02-05,Nashik,28.501510054820724,55.98955391731324,0.17030979977791233,6.905271259389526,1009.353508812269,Sunny
2026-02-05,Bengaluru,26.708316916527366,73.6466221876975,1.3790902174468676,15.182629510302135,1014.1816183483702,Sunny
2026-02-05,Delhi,23.2566092423281,58.600156633591304,0.4451435569377867,8.493232851417629,1013.0579748519019,Sunny
2026-02-05,Hyderabad,30.889215802319267,61.44633285459652,2.597805957635778,8.550440613101879,1019.8699338164502,Sunny
2026-02-06,Pune,23.125039216415672,52.6781255989509,8.788127783033008,5.314579415813585,1022.0086855126507,Rainy
2026-02-06,Mumbai,29.92597356032821,83.90414606483321,4.133812682535534,9.48211810017754,1016.4182996874333,Cloudy
2026-02-06,Nashik,25.820260569955074,47.11803921507875,4.869111879047198,11.598579678440377,1005.7309588310337,Sunny
2026-02-06,Bengaluru,28.63146210611885,71.88508047878645,0.28213125940532086,11.482090558848217,1013.3033688291196,Sunny
2026-02-06,Delhi,21.813690489307977,54.641883160309746,7.108354077723023,10.971400382817835,1010.5425501050325,Rainy
2026-02-06,Hyderabad,24.063225348827125,61.74788574139256,4.092012003489698,12.315096131945033,997.7572868968497,Sunny
2026-02-07,Pune,29.088867991160512,51.301431106109504,0.35711459523526273,11.122840166731917,1011.5657761143491,Sunny
2026-02-07,Mumbai,32.235186552257964,68.7711697045015,0.7866484087778541,8.596896396064325,1013.7325194086536,Sunny
2026-02-07,Nashik,24.099652293032293,57.385204136115604,0.5385070869954405,3.714527431960043,1013.270869461231,Sunny
2026-02-07,Bengaluru,24.568827633779687,74.16843460688018,0.571938473951702,14.502279371902933,1016.2511087105675,Sunny
2026-02-07,Delhi,22.345323404210603,56.25371147840786,0.07472145601896547,12.541237029955104,1018.1125045744344,Sunny
2026-02-07,Hyderabad,31.253226953493623,61.55238694876047,3.2763966423387028,13.090850362095527,1013.1939457951325,Sunny
2026-02-08,Pune,25.596488132329977,59.01825075457511,0.6287356114562158,10.14515535485741,1008.562282743302,Sunny
2026-02-08,Mumbai,29.916803564957362,69.82522567733933,5.432417307751989,10.235905570948272,1002.0089965773394,Rainy
2026-02-08,Nashik,26.534912683637938,56.73244237948996,1.212984538184019,3.6972434156442464,1026.6887642358388,Sunny
2026-02-08,Bengaluru,23.066259086787944,70.01695011677039,0.06086396183994254,13.32454845021255,1006.8004703643724,Sunny
2026-02-08,Delhi,24.77602825953816,52.732922184131716,7.007260780458419,10.829707457784783,1008.7464323132746,Rainy
2026-02-08,Hyderabad,30.92681186040752,61.18019560199039,0.3899621981172876,12.610203192066262,1014.4784094398631,Sunny
2026-02-09,Pune,26.646911864639293,61.824805012331126,1.3750252252230792,12.88889658734239,1013.5381037772553,Sunny
2026-02-09,Mumbai,29.148562532755864,75.33749267937505,5.345811014598346,13.31657779887395,1017.9351515278018,Rainy
2026-02-09,Nashik,25.867690156853314,49.28497543634758,1.0013031297917176,7.685115032749365,1013.4831415983808,Sunny
2026-02-09,Bengaluru,27.783721034975397,66.73809978267775,3.050060113868585,14.841133807175941,1014.2676715075698,Sunny
2026-02-09,Delhi,22.66047301355373,62.820435841441785,0.7921184495820129,13.140760382950036,1014.8497515267069,Sunny
2026-02-09,Hyderabad,30.07453028624304,65.17698466107448,1.143924993483773,9.54983323890242,1012.6278822673577,Sunny
2026-02-10,Pune,25.86457956136029,60.077895237907335,0.7848583818863757,6.165932249690872,1003.7812964220598,Sunny
2026-02-10,Mumbai,28.084350374570345,82.76280907744821,1.190929171127857,8.083114756931494,1005.3845510329625,Cloudy
2026-02-10,Nashik,28.402297022410885,60.04908544671317,1.9324874602968365,3.252712815832183,1008.5850383482444,Sunny
2026-02-10,Bengaluru,25.44511442775102,73.63058513007691,1.3047087830304989,5.831282599709212,1003.7730062652155,Sunny
2026-02-10,Delhi,25.853685202094063,70.19876203169636,1.8725027165496395,12.039919226550268,1014.8773433374721,Sunny
2026-02-10,Hyderabad,27.665544902067552,63.96042264850435,5.235538332447438,7.7381062333999715,1010.5966246156661,Rainy
2026-02-11,Pune,22.090877200996093,59.50830186602625,0.6705899851833239,12.912702195802929,1008.9127669377045,Sunny
2026-02-11,Mumbai,25.543011333772405,76.98419332924402,1.8849295219090247,7.031115590288987,1016.703855939941,Cloudy
2026-02-11,Nashik,21.867050752638782,53.87683425001488,0.39970713544427744,7.092401169058702,1014.7551865112127,Sunny
2026-02-11,Bengaluru,29.93983548856074,69.11141358729142,0.22606176704094086,5.221018799404992,1014.202373689802,Sunny
2026-02-11,Delhi,23.274174739167854,60.76244977208574,3.2797174348707183,8.263110234417487,1012.3184419682581,Sunny
2026-02-11,Hyderabad,29.50317256960108,62.69607704322451,1.840656845507649,10.146580210977113,1012.2029584560194,Sunny
2026-02-12,Pune,24.593908018149005,56.68549541224526,1.8882541294190607,13.448259184791144,1010.4954799031932,Sunny
2026-02-12,Mumbai,29.660579178902317,78.75687993537973,0.5406552292168861,7.844778203292408,1016.4746218847222,Cloudy
2026-02-12,Nashik,23.611513041935822,61.23871036336867,2.2025310064107404,10.71843238511769,1008.089911815462,Sunny
2026-02-12,Bengaluru,30.90562631050358,61.81089527956442,0.36787982984631584,11.901330642796296,1014.0689954872574,Sunny
2026-02-12,Delhi,22.885668090471622,57.35089650133287,0.04784491986314798,13.673753312878429,1020.1169828114952,Sunny
2026-02-12,Hyderabad,24.50651733760009,63.338756121822314,0.9915653301304104,9.735153854946235,1024.8985466882716,Sunny
2026-02-13,Pune,24.36491911452301,68.19558402722033,1.1179306513034315,12.929151860386309,1017.5202456824168,Sunny
2026-02-13,Mumbai,31.1308189069373,72.32925825155952,1.7273345009359609,8.86261677703754,1010.9820981994882,Sunny
2026-02-13,Nashik,22.919903249575725,49.92621634653567,0.5140636601912666,8.240307761311843,1011.0123238715152,Sunny
2026-02-13,Bengaluru,23.476504416425712,68.16729385496151,3.222444084318504,10.701357735372243,1004.2205217689818,Sunny
2026-02-13,Delhi,24.201306114983478,62.16764480804462,1.5226712651494634,6.482190229416052,1005.8326594935995,Sunny
2026-02-13,Hyderabad,30.11160028638952,71.73271418757383,2.6234910483856226,7.884964432724773,1011.7211546117114,Sunny
2026-02-14,Pune,27.794733935407603,60.38002695706206,0.38547832588140707,7.0279228340868904,1015.1470679244339,Sunny
2026-02-14,Mumbai,28.111518984646555,75.40638421383514,1.1970233156917613,7.7934101722307005,1018.1804658760522,Cloudy
2026-02-14,Nashik,27.12719195558897,58.045690604535885,5.239469385408418,8.3982726960496,1004.9642798689255,Rainy
2026-02-14,Bengaluru,25.58140854403669,71.90039089858291,3.6907419841239433,16.957988619945084,1013.9665891969719,Sunny
2026-02-14,Delhi,23.879039445328374,56.4544176789875,0.27327467045781423,11.511208138637278,1014.9119797999203,Sunny
2026-02-14,Hyderabad,25.72243080851429,57.55126949106716,0.893000524039034,4.49138388069011,1014.5399566345627,Sunny
2026-02-15,Pune,23.664896729128863,49.23554703523759,1.835555340441584,12.508971168986655,1012.1563343862433,Sunny
2026-02-15,Mumbai,31.0515773465795,74.99224747082049,3.8133302266565607,10.245488075642696,1011.5055517340443,Sunny
2026-02-15,Nashik,26.72100445203297,53.548627279056745,4.0507658383112535,11.705323018768464,1014.9979705664075,Sunny
2026-02-15,Bengaluru,24.155505594422074,66.81822631455502,1.0316099294845993,11.60952953071121,1007.5076600910448,Sunny
2026-02-15,Delhi,23.49376613798637,57.954405016778985,2.0487102290722485,9.324560417949936,1012.9878946102571,Sunny
2026-02-15,Hyderabad,34.585507334207755,60.499298578037546,2.8947214686636755,10.031057859530142,1005.4408188382492,Sunny
2026-02-16,Pune,23.784503918903393,58.473876478226664,0.916258964913463,11.523273010934501,1012.2699420922289,Sunny
2026-02-16,Mumbai,25.941265807856283,71.76735239403781,1.4110139495545995,7.181993818543737,1011.2795622213919,Sunny
2026-02-16,Nashik,21.423051219489057,57.999643649981024,1.9330005690115275,7.100448922195021,1014.0859523219128,Sunny
2026-02-16,Bengaluru,23.725621189184466,67.68671521898777,10.54386395347333,10.446002371606335,1010.3145701444098,Rainy
2026-02-16,Delhi,21.913781417739475,56.48765156755936,2.3563589398563667,10.047060141386806,1008.356341593128,Sunny
2026-02-16,Hyderabad,24.61154151063068,66.56217624629583,1.9557782856380472,2.338236595294136,1016.6715995561964,Sunny
2026-02-17,Pune,23.05363729988942,58.87617299053658,0.9169703667658705,13.623427925383007,1010.4167498536939,Sunny
2026-02-17,Mumbai,32.66744282024308,78.81099200396106,0.022185120043067726,8.270468797819841,999.0447885392755,Cloudy
2026-02-17,Nashik,23.105222925296765,56.959020027012734,1.5327700905297164,7.017681300873422,1011.8453050142219,Sunny
2026-02-17,Bengaluru,20.570439025193394,78.30279308308026,3.7203817747996184,9.918086381470204,1007.333660204634,Cloudy
2026-02-17,Delhi,22.362628417949196,53.575986429865495,2.6739197560495818,3.0919090313658506,1009.7752711993767,Sunny
2026-02-17,Hyderabad,26.283783095737675,50.61813245703999,3.074388403788928,7.99278178402025,1017.1995234369804,Sunny
2026-02-18,Pune,24.97990532605095,69.13004856773468,0.5878580804979554,9.734972022972714,1016.6067480149325,Sunny
2026-02-18,Mumbai,34.020364187906004,81.07239566953673,4.509833796118041,13.905223868196394,1019.8075559836343,Cloudy
2026-02-18,Nashik,24.57395454805753,51.23291064826908,0.325435547513243,10.265940092194038,1020.6106430284249,Sunny
2026-02-18,Bengaluru,24.921487021667495,68.45021418826643,0.17720786933695706,8.904035346063674,1012.9234015293246,Sunny
2026-02-18,Delhi,20.12612845156887,53.14192980744674,0.8606529013337602,12.040796137886442,1017.78907421012,Sunny
2026-02-18,Hyderabad,27.365420031391512,59.8197325617506,0.20715898238867897,13.557112463988991,1015.5947665533254,Sunny
2026-02-19,Pune,29.006730831471664,56.21602455715269,1.959865010976076,6.242232962903513,1009.4876875654469,Sunny
2026-02-19,Mumbai,31.219560522630758,70.37189575112816,2.9800571166818353,11.367663316244823,1022.8250117245054,Sunny
2026-02-19,Nashik,22.907816041006768,59.63920064040619,7.821081145434436,14.36685607024335,1020.996357875095,Rainy
2026-02-19,Bengaluru,27.381114744608134,70.96714586596805,2.137011781496099,8.905141811371344,1007.8039516633049,Sunny
2026-02-19,Delhi,20.90458863190454,48.16821705311999,1.157513081846666,11.738327718601784,1012.7384966261338,Sunny
2026-02-19,Hyderabad,27.307083788104382,60.3427185113768,0.43997330378772953,10.922220093427303,1016.0786860626965,Sunny
2026-02-20,Pune,28.69001337466724,57.08461280715531,3.951893478399391,12.512688110075118,1007.9317732197017,Sunny
2026-02-20,Mumbai,33.57315824808248,74.29978574028881,2.6075176038695136,11.988643806002237,1017.8673692874266,Sunny
2026-02-20,Nashik,24.991383550527143,48.51584026022077,8.35585319003389,9.716884749893856,1011.5705337514111,Rainy
2026-02-20,Bengaluru,27.570553217877865,70.88955256895755,0.48035401670010575,13.714849214300907,1012.1063578836803,Sunny
2026-02-20,Delhi,24.310912185265288,66.5110747231762,1.7848930091400645,4.3024708362535975,1012.3921469950932,Sunny
2026-02-20,Hyderabad,33.06726722543033,65.11774428450819,4.132228150214905,13.869258262248238,1015.3659067563498,Sunny
2026-02-21,Pune,26.214451742182117,53.87850881855317,0.018750864328912313,12.48536354708532,1007.3664344875391,Sunny
2026-02-21,Mumbai,33.780547886646396,72.88594019457229,0.4564017225231275,15.00971351305422,1013.9733576491149,Sunny
2026-02-21,Nashik,21.57088404705359,57.2230133411007,0.8782027410459814,10.833949194228126,1019.2740532249587,Sunny
2026-02-21,Bengaluru,21.935950288439287,62.46845909385829,0.3224232166702378,12.167144073483314,1010.1358342395412,Sunny
2026-02-21,Delhi,27.878001330225064,56.00181907192699,4.346551358926028,4.903452400589064,1019.2859787997812,Sunny
2026-02-21,Hyderabad,32.76332248946777,58.24547225109943,0.00644690670446925,5.423031056289716,1018.3129205171359,Sunny
2026-02-22,Pune,25.202245948782437,72.79099642834126,2.0562639929492894,10.379347068470388,1008.5603130626808,Sunny
2026-02-22,Mumbai,35.23518030660454,84.43307323044705,1.8500962654148234,13.072187577434388,1014.962634746006,Cloudy
2026-02-22,Nashik,26.52779400393015,52.244071418357336,1.379329232519219,13.347706160096084,1008.7536721096204,Sunny
2026-02-22,Bengaluru,27.951455820606597,71.41017225021963,1.4565916664303762,6.574932657599485,1011.0317027036014,Sunny
2026-02-22,Delhi,21.789835512006544,48.667316914634696,0.18554774320512346,11.44017874026005,1005.1726898890391,Sunny
2026-02-22,Hyderabad,29.056510904044718,64.88379033096535,1.0937626198971955,13.66310108657606,1014.9104885173431,Sunny
2026-02-23,Pune,26.036511929224773,55.2028038163826,3.662693023676061,13.595924115973153,1002.3131884176177,Sunny
2026-02-23,Mumbai,27.46935169354464,76.7432217216711,0.8995721890978609,10.422658740733612,1003.1578031721857,Cloudy
2026-02-23,Nashik,25.410641461811306,54.261987068506656,0.6003104364011886,13.098891841458418,1011.0252739578552,Sunny
2026-02-23,Bengaluru,24.680646602368004,70.00885641279287,3.2454851544975876,6.490249492869136,997.6386889335918,Sunny
2026-02-23,Delhi,23.533934913722764,66.86125798334872,1.1484210082822626,12.7005309607374,1015.8905459306301,Sunny
2026-02-23,Hyderabad,29.48966838177485,56.51068820825388,0.29087039905574946,12.298240835154072,1018.1346661194216,Sunny
2026-02-24,Pune,26.37269292681484,58.98163124911517,0.6068254627127664,11.06506736326455,1010.8944345235575,Sunny
2026-02-24,Mumbai,28.5223745413719,70.38584905136584,2.849224507194322,14.478065706878565,1010.6443819947872,Sunny
2026-02-24,Nashik,24.569659882143633,51.263941604260886,0.06838304987589966,10.30493286306853,1006.3448680425403,Sunny
2026-02-24,Bengaluru,21.215996908407984,62.86679632632135,4.601839874017654,10.200972151674616,1014.5796960885204,Sunny
2026-02-24,Delhi,19.716713475798365,55.35473661326853,2.6247571261462808,6.668801448111937,1014.8352775869405,Sunny
2026-02-24,Hyderabad,25.290184841380583,74.07395499329316,7.151482261816231,5.154604552283471,1017.8236967722859,Rainy
2026-02-25,Pune,24.806474164609707,55.948737814928094,3.802470988526221,13.052503687252544,1025.315911750599,Sunny
2026-02-25,Mumbai,29.904100006238455,75.76157756788312,2.4608738012049085,7.517229338053841,1012.4307194152319,Cloudy
2026-02-25,Nashik,21.96260557664081,40.39324758252697,0.3625031552436329,8.654859342838353,1022.0500464465,Sunny
2026-02-25,Bengaluru,30.067609158297245,62.82813586038201,1.5768149486075849,10.062381123026224,1008.3599852938544,Sunny
2026-02-25,Delhi,23.185712003842728,64.87438209574093,0.10670994701689866,8.11454540831186,1015.0123860471974,Sunny
2026-02-25,Hyderabad,26.870368827443066,59.44781973786517,0.8015972209434284,10.368010947984386,1020.1233922923478,Sunny
2026-02-26,Pune,27.470039435521688,58.73823248936856,4.233570102159669,8.918579787386212,1014.5570775046498,Sunny
2026-02-26,Mumbai,31.45602108955934,74.8404075267832,2.956928744365557,12.649329331441477,1011.610814014936,Sunny
2026-02-26,Nashik,24.211141468755052,70.96553783922431,0.22292194903320883,13.115166267203834,1014.5271204660835,Sunny
2026-02-26,Bengaluru,28.936023493608396,65.15928835082833,6.675130324104196,10.339811231613293,1004.8086101084132,Rainy
2026-02-26,Delhi,25.960413589169622,54.65927957230503,1.7235736818792897,13.564437204120953,1014.6837181150623,Sunny
2026-02-26,Hyderabad,30.5758167881577,61.0408927089668,1.5229756749107624,11.454198451883425,1007.7682167250456,Sunny
2026-02-27,Pune,25.0723622304753,65.1498040879058,3.8923299610267246,9.203359485944729,1014.417127440573,Sunny
2026-02-27,Mumbai,29.31496832499707,72.421414650335,4.488438228368265,7.134632261951941,1014.1179953279673,Sunny
2026-02-27,Nashik,29.83754910937682,49.66233542872864,0.1743080506673147,10.574562891597894,1013.2061906882767,Sunny
2026-02-27,Bengaluru,26.984475037758347,68.02905279271225,1.0817484540587896,6.81281941555936,1014.1415354860383,Sunny
2026-02-27,Delhi,23.213376148757582,62.928649978399314,0.3540314889653688,10.098173474622122,1010.6654264399284,Sunny
2026-02-27,Hyderabad,33.16354328959614,63.11977639044867,4.419247211470856,10.583152904732009,1010.2341685359465,Sunny
2026-02-28,Pune,27.545843791709284,58.52299294930485,3.419218429222009,15.423628476397571,1013.753925878774,Sunny
2026-02-28,Mumbai,29.940480373370068,65.2236178684495,3.4478678119179254,3.6344353029742162,1008.9608900645278,Sunny
2026-02-28,Nashik,27.94212054945783,54.88565968850559,0.8165622809286673,11.637451523686046,1007.8005955174464,Sunny
2026-02-28,Bengaluru,24.286422242057352,65.94645670448791,0.8552417231121123,14.846127068408325,1010.3883976539433,Sunny
2026-02-28,Delhi,26.7425304851188,65.60658025961226,0.868886742813942,9.690930395808353,1018.1256617408394,Sunny
2026-02-28,Hyderabad,28.79451027378117,62.67772296079315,0.2699557143620505,6.462880626520592,1017.9383969423078,Sunny
2026-03-01,Pune,25.555984673305623,61.0057982793642,0.384456380918243,8.793799766449988,1014.6213233882158,Sunny
2026-03-01,Mumbai,29.444539815337947,78.88765620407472,2.0593775355004698,10.379138738639236,1021.6946449952915,Cloudy
2026-03-01,Nashik,22.216699605037668,51.61127514737574,0.06750523842112144,13.086047832089175,1005.4162557658897,Sunny
2026-03-01,Bengaluru,27.526554384623793,71.33730390819656,2.1871593678433463,11.229455970785537,1010.7937117269073,Sunny
2026-03-01,Delhi,25.398962169558434,67.49940967447608,0.2352923957685293,4.885364337603029,1000.6150439623348,Sunny
2026-03-01,Hyderabad,29.069598982870982,67.50298803380655,0.957364112895157,8.394015442138231,1011.5473335884792,Sunny
2026-03-02,Pune,27.56486353588173,60.95249839889533,0.6571118298280387,8.694333301598114,1015.7529342691789,Sunny
2026-03-02,Mumbai,31.224850294120703,76.58489708886704,3.268555534352877,7.193683893866214,1017.4299105808751,Cloudy
2026-03-02,Nashik,23.395004096674075,59.040288991405724,4.123263594828833,11.01854345145652,1008.7711432468171,Sunny
2026-03-02,Bengaluru,23.458153151797365,68.45932372824247,0.5538636697766027,9.941741182336802,1010.4841010858286,Sunny
2026-03-02,Delhi,25.73476746431432,49.91844695781706,0.7054734398904734,13.150331788326742,1007.680243892896,Sunny
2026-03-02,Hyderabad,29.805695115642937,66.49567856843746,1.7989732801526803,9.686652344387586,1011.1558913840499,Sunny
2026-03-03,Pune,26.92691381807144,65.80939151304095,0.13151246430506303,11.042591128474223,1017.8175438397749,Sunny
2026-03-03,Mumbai,31.414672228535704,78.20965267480776,3.5355406390448096,10.56874484979623,1017.0052304628357,Cloudy
2026-03-03,Nashik,17.99370267779039,58.38937659765454,0.7623644402267663,14.42216815746424,1010.2399346257326,Sunny
2026-03-03,Bengaluru,27.966291254292784,69.15004761881418,1.171745047843888,14.836834773965936,1018.5745722679202,Sunny
2026-03-03,Delhi,27.85169473371697,61.71063745535946,0.5421310394332255,7.103506042512834,1012.1508078626756,Sunny
2026-03-03,Hyderabad,28.11031358483305,49.986230325501566,2.1123948618385766,10.369614420353457,1014.7574268802024,Sunny
2026-03-04,Pune,26.877141135817862,68.47525520215376,2.010812449434803,9.683409843993077,1011.0782167464146,Sunny
2026-03-04,Mumbai,29.66916324230729,63.96124541808716,0.09344696800468241,8.71209332644822,1008.5378951006307,Sunny
2026-03-04,Nashik,21.252341360707142,54.584472136856526,1.887221450279832,7.317002130734741,1008.6529490258372,Sunny
2026-03-04,Bengaluru,25.255797425353613,68.03434127469518,0.015387104540800603,9.07237276885041,1008.2392179720471,Sunny
2026-03-04,Delhi,24.56607129593468,64.70225223011572,1.4376182019761252,11.13205210828969,1011.0975510553418,Sunny
2026-03-04,Hyderabad,26.820255890065983,61.02834227289836,1.919787952419908,9.042838193000145,1008.0198707159825,Sunny
2026-03-05,Pune,29.473980539415592,60.106558243359714,1.360645849311906,8.80266444339175,1008.7355161379422,Sunny
2026-03-05,Mumbai,27.339710760126966,65.71003979187797,1.0587297548125656,10.80137995303445,1014.5436251161497,Sunny
2026-03-05,Nashik,20.830985937838765,59.475191570380574,3.4721619877554226,10.434602993972666,1008.9261356742154,Sunny
2026-03-05,Bengaluru,24.013241536414938,69.71407581201312,0.9684935922987209,3.544553796012085,1008.4042334037879,Sunny
2026-03-05,Delhi,23.256137095849862,53.06410236424408,2.782035379456148,11.535772273087826,1011.1584588301896,Sunny
2026-03-05,Hyderabad,31.84997555259506,67.7854819273198,0.8985831945796112,9.704235603147215,1012.0942481147242,Sunny
2026-03-06,Pune,28.56979779744588,61.16608065631751,1.8964580877856865,11.144615687767994,1015.1829816291091,Sunny
2026-03-06,Mumbai,30.94513925001818,71.27607896636736,0.3066220204150312,9.900310028066617,1010.9594157136373,Sunny
2026-03-06,Nashik,24.47791796070716,45.5907547725118,1.7217115141848147,4.121829321727768,1015.6632468036454,Sunny
2026-03-06,Bengaluru,27.9379117610111,74.4366219507607,3.7364737989947363,8.061318070468591,1020.8765544630476,Sunny
2026-03-06,Delhi,20.815169659913288,62.59577086805001,0.731470295761989,9.202691240518051,1019.1671120991258,Sunny
2026-03-06,Hyderabad,30.119432658670075,64.44345976354609,3.897701664515891,9.597073775588356,1016.0540413657989,Sunny
2026-03-07,Pune,28.797749426985803,51.257340133809095,0.9277963659451799,14.756939478657198,1015.8978336362019,Sunny
2026-03-07,Mumbai,28.347062511256407,82.41011246807895,0.36510765160963277,6.682885994542193,1010.9253948485564,Cloudy
2026-03-07,Nashik,24.043941915140916,58.8983026613467,0.3355590070503998,10.148735561454119,1011.193278941741,Sunny
2026-03-07,Bengaluru,22.2823565801777,74.06658204592821,0.14882625955254905,4.949685423337149,1007.9706496675191,Sunny
2026-03-07,Delhi,26.226156708348913,66.07791411774116,0.9069813731177835,15.674163548651016,1009.689519906743,Sunny
2026-03-07,Hyderabad,28.699102605812406,56.26667642739548,0.055845924845850624,11.638852744011098,1012.0321113490547,Sunny
2026-03-08,Pune,25.737291250054245,59.451950980370846,0.06289008945167307,6.70556356590746,1010.1909433038371,Sunny
2026-03-08,Mumbai,26.31880242192522,73.22506357943357,4.606834538643087,12.090863213532206,1010.33090255122,Sunny
2026-03-08,Nashik,27.761067570337268,56.84821096099047,8.271979192000565,5.38100044218004,1004.5686148502485,Rainy
2026-03-08,Bengaluru,27.150650817351966,57.80519361497292,0.3348147598237732,15.197544998455275,1023.1565007309632,Sunny
2026-03-08,Delhi,25.42338372997256,60.50422237472228,1.161213863090131,6.809793980287147,1007.632951829561,Sunny
2026-03-08,Hyderabad,25.674618892232893,57.67480386825503,6.7874935648593215,4.062100568872637,1015.7395512805876,Rainy
2026-03-09,Pune,24.16008501108375,61.196234320555746,1.174131346885806,9.384138725535697,1023.6708179006353,Sunny
2026-03-09,Mumbai,31.571596980433306,79.49732485574123,1.6850462407622737,6.311351216642749,1014.4834961161827,Cloudy
2026-03-09,Nashik,23.678666433483134,54.470258228479324,1.2907952580871591,5.426436140142478,1013.2046249864474,Sunny
2026-03-09,Bengaluru,26.5066583205816,76.84558350131643,4.079967246365241,10.924151618512306,1010.041757162891,Cloudy
2026-03-09,Delhi,24.514759928546038,56.284038622512945,0.6452857995826853,9.626146611429611,1006.1370419557363,Sunny
2026-03-09,Hyderabad,28.808263021270374,63.952614487825,3.983557750530425,4.680902595379356,1018.30960750357,Sunny
2026-03-10,Pune,24.590752615001847,56.731168306755904,2.869274058433911,10.72141374799062,999.9012737629412,Sunny
2026-03-10,Mumbai,37.6449497979406,73.65140734221332,4.013529635826294,9.83531799815114,1013.4277703742882,Sunny
2026-03-10,Nashik,26.15788943810674,58.22607792975028,1.7044215916893255,13.497418057625156,1010.9777251015739,Sunny
2026-03-10,Bengaluru,25.51694755367416,73.01783280091642,1.4284658164922115,11.967702329589283,1012.9736809735939,Sunny
2026-03-10,Delhi,23.80831147604365,56.05740773455557,2.327723196267317,12.855881090529405,1017.5057788112364,Sunny
2026-03-10,Hyderabad,27.83018210752646,58.26460960349179,0.8885642448186694,8.119848326230105,1016.3119673619138,Sunny
2026-03-11,Pune,29.250487071086066,62.56542710048647,0.6980355170098412,11.545128019828564,1015.5782912237895,Sunny
2026-03-11,Mumbai,31.92112398539106,72.0307991887668,2.930006695456033,13.56674011442393,1015.5415192360053,Sunny
2026-03-11,Nashik,25.746294976499808,60.350751191582134,0.18555714478983149,7.539276011653895,1011.879860709597,Sunny
2026-03-11,Bengaluru,21.767007859582563,59.837207985039534,0.13657876114710152,7.622740237000116,1010.4601923518048,Sunny
2026-03-11,Delhi,19.13363779026139,59.06646853686469,0.15995324947914416,14.36506366828949,1012.0154206341251,Sunny
2026-03-11,Hyderabad,28.41964827108238,62.412563496615945,0.15139164811650496,5.177320406893077,1008.1863761071689,Sunny
2026-03-12,Pune,24.956856241415544,55.300484494455674,3.254010062313432,9.535226194491171,1015.5036814256645,Sunny
2026-03-12,Mumbai,30.183734188856345,78.16680657421826,1.2941957719790484,11.90625409062768,1005.8037080257326,Cloudy
2026-03-12,Nashik,25.029543691549613,56.38688468979096,0.8857548572133683,7.4359811650857495,1013.6751856263123,Sunny
2026-03-12,Bengaluru,25.899622822502117,73.0185476190534,1.1933108238122037,15.401533544532562,1018.1947317646972,Sunny
2026-03-12,Delhi,24.403860654070357,55.54181907183976,0.5539635317830209,12.530117866471176,1014.7972453799752,Sunny
2026-03-12,Hyderabad,29.471166493074286,68.8485438898489,1.4686463600932604,11.177247901536301,1009.4551818714625,Sunny
2026-03-13,Pune,26.8272569943743,51.15462047555441,0.6689159933274842,11.005716061209846,1007.2625393251311,Sunny
2026-03-13,Mumbai,29.32571769430037,75.07689490686053,0.6463962198195594,9.016315850461247,1012.7759534192949,Cloudy
2026-03-13,Nashik,26.953938436523373,50.664348921445495,0.7603847902394995,9.181073800240494,1008.1123048007751,Sunny
2026-03-13,Bengaluru,27.712904767896575,65.55901501383876,0.7518550905876795,10.787683987005774,1012.9679495568378,Sunny
2026-03-13,Delhi,26.018437680274218,57.31314105800302,0.9474388211190321,9.803357179656984,1021.9084590320001,Sunny
2026-03-13,Hyderabad,32.813139285111404,55.35951868783126,2.4338262852702486,12.896192453773512,1018.1806536090311,Sunny
2026-03-14,Pune,27.123757009993902,60.98657853702798,0.7077924980065297,10.609908830707225,1010.5765848216371,Sunny
2026-03-14,Mumbai,29.80683847198132,75.69888484883118,0.8927319174155142,10.001583876569791,1015.0060337446456,Cloudy
2026-03-14,Nashik,21.292475992256453,43.51909523431381,0.4686181185051916,5.786307228791075,1004.9175118246027,Sunny
2026-03-14,Bengaluru,28.989917587461626,66.39954009527804,3.7988853754777145,11.866621432130206,1006.3058344110962,Sunny
2026-03-14,Delhi,26.49989250114098,57.6211785673227,0.48603109393259447,12.912823994130584,1020.0112661280345,Sunny
2026-03-14,Hyderabad,27.047097693446208,59.910182480806775,2.1090363271708568,7.391010756175917,1017.6271739220739,Sunny
2026-03-15,Pune,23.938939921015493,68.21336476627982,2.497988341665501,10.576878934425688,1011.2588856120411,Sunny
2026-03-15,Mumbai,28.716262561813636,67.93732118289499,0.11969524568741217,10.122757526187163,1006.9890627210926,Sunny
2026-03-15,Nashik,26.764530516734126,52.43393216764208,0.029604811388883413,5.424042729299633,1006.3309220245656,Sunny
2026-03-15,Bengaluru,25.367379957688264,54.8059574987005,1.0360017664794439,17.237846264838748,1015.9230214394901,Sunny
2026-03-15,Delhi,23.864318703847825,56.685545853958665,6.620844442019276,16.053723891499715,1013.0815844078425,Rainy
2026-03-15,Hyderabad,31.546500651292963,58.38268595564856,2.96491885297936,11.315427216429182,1012.09808328847,Sunny
2026-03-16,Pune,28.60441265766165,62.95907066870689,0.2561377737569413,12.942560347412424,1008.2888523990418,Sunny
2026-03-16,Mumbai,25.518358734446615,76.27786826856185,0.9296001263187308,10.49428252370955,1012.2544385092801,Cloudy
2026-03-16,Nashik,25.35561372867062,56.2197659895425,3.031677696697999,3.179511222654088,1007.3185568379662,Sunny
2026-03-16,Bengaluru,24.932687615915444,67.10187999882382,0.518151300866055,9.690235719552858,1003.7840559442292,Sunny
2026-03-16,Delhi,23.48262355666442,66.3073508286401,0.11916978012496816,11.61127249918343,1012.2581318835561,Sunny
2026-03-16,Hyderabad,28.407940590674666,58.749916656647734,0.5107686587971821,8.874410859028188,1010.4114245162189,Sunny
2026-03-17,Pune,30.13558936281913,62.788455303625625,1.7269146453916535,10.977122073439599,1010.1520723554144,Sunny
2026-03-17,Mumbai,27.686162662673134,82.89053403955756,2.242515314134136,7.5674274663689856,1005.7121107054269,Cloudy
2026-03-17,Nashik,24.346430227542257,57.331791872231676,1.2697122742597884,10.990195002437865,1015.0996316619791,Sunny
2026-03-17,Bengaluru,23.208779584940196,67.22089262835449,6.337036686630444,5.177016918645824,1012.9237028944787,Rainy
2026-03-17,Delhi,28.990495423383805,58.03399922279999,0.15860426954010162,12.524585026119277,1008.9118169530287,Sunny
2026-03-17,Hyderabad,34.40060456168476,52.52763465581518,1.1341430336046225,5.728128542649564,1010.6667383538279,Sunny
2026-03-18,Pune,25.86701679295636,62.942766348853596,6.469348709717576,10.14388433794464,1013.6592193162926,Rainy
2026-03-18,Mumbai,29.880686815082935,66.91318524945716,1.8006425275232356,10.569118502831188,1008.690089111017,Sunny
2026-03-18,Nashik,26.004845859185604,55.09573888707876,2.831942447448347,9.74533054449294,1005.7833803579695,Sunny
2026-03-18,Bengaluru,23.53640691956417,72.15426162139683,2.0467231049227057,7.130690869545974,1014.3620313894019,Sunny
2026-03-18,Delhi,27.650417915042926,59.7780667439283,1.381881890319872,11.855465141369427,1010.9626123865806,Sunny
2026-03-18,Hyderabad,30.511690925806054,55.65302396692198,0.5022525594610194,12.646999186970227,1009.7395483358346,Sunny
2026-03-19,Pune,25.773095540946088,61.32939114826024,1.1196887015603572,9.940752719396118,1009.567100546631,Sunny
2026-03-19,Mumbai,28.95777414861048,76.69496842654623,0.6818420646540689,12.23257591449981,1011.0938791339095,Cloudy
2026-03-19,Nashik,23.324768314541277,61.60652016136506,0.9966685537683462,10.742535749728614,1012.7520271908808,Sunny
2026-03-19,Bengaluru,26.199501146615248,70.93865826239971,0.883598001298828,7.946110522719988,1015.9531279958138,Sunny
2026-03-19,Delhi,19.022941366065254,62.462986691496546,2.1378996459755877,7.869756642878688,1009.0114524313345,Sunny
2026-03-19,Hyderabad,25.13252341853931,62.16287788704281,0.0794159874277333,8.778891061219658,1015.4315922847835,Sunny
2026-03-20,Pune,27.220432815799402,62.92206490236242,1.1475812196301753,11.647692389504943,1025.1711102182499,Sunny
2026-03-20,Mumbai,28.942923583295585,79.78941114088488,0.8709737450452532,9.4326388276689,1016.6082505596223,Cloudy
2026-03-20,Nashik,24.63682388206748,62.55577465123674,1.3764778998947391,11.227084161227912,1005.372450441588,Sunny
2026-03-20,Bengaluru,24.578893693772535,62.86890180627486,3.86245969058071,2.1873584301185973,1012.9947407339824,Sunny
2026-03-20,Delhi,25.04754306234509,60.02147377480849,0.8075062481257752,13.11114186621979,1015.7029543405152,Sunny
2026-03-20,Hyderabad,26.57524966616294,64.11327532750802,4.173062565483896,4.6642372479804495,1013.5982591295949,Sunny
2026-03-21,Pune,25.70216336302404,59.592386634491774,0.273626231693328,12.070710401140818,999.2081580837145,Sunny
2026-03-21,Mumbai,29.133829430802393,69.88402244340853,0.7246460494479172,12.03811984886951,1006.2560298242067,Sunny
2026-03-21,Nashik,26.62839419281625,57.31295646426975,1.0985411587744511,6.813108534500878,1006.0085830712642,Sunny
2026-03-21,Bengaluru,28.121604588659697,70.89821614661324,0.40084226328327965,12.350171527847786,1010.7423055697775,Sunny
2026-03-21,Delhi,22.468837453814118,65.11184930849254,1.786310046599916,8.20472219396932,1013.1428826375895,Sunny
2026-03-21,Hyderabad,33.468024961621836,63.915501060366104,0.36621486062588937,11.255194662666051,1019.0079929647321,Sunny
2026-03-22,Pune,28.595072864844532,52.48459849120091,0.7035451382092704,12.911180169540554,1016.0168252441058,Sunny
2026-03-22,Mumbai,31.05226744766869,70.21911558425177,1.422176549979631,11.820169177408548,1011.084016906398,Sunny
2026-03-22,Nashik,26.30521175470556,59.43827712936918,2.5058124076510992,12.448218530181544,1011.628945107253,Sunny
2026-03-22,Bengaluru,28.68760806858293,72.62080911927951,3.9565285417431437,12.516821501408836,1008.9137340672654,Sunny
2026-03-22,Delhi,22.57319324863911,52.49922883514152,0.8177732725404557,13.174621140831722,1016.6878006110238,Sunny
2026-03-22,Hyderabad,30.552976484943763,62.43984410526415,1.3713850826421117,6.724897371582057,1010.064501487628,Sunny
2026-03-23,Pune,28.713543278702417,64.24551055371572,0.9701696856981685,9.819133025825165,1014.2739758482119,Sunny
2026-03-23,Mumbai,32.91002753883639,69.99281461747461,3.3979392020186507,11.50199716414363,1012.2488684359048,Sunny
2026-03-23,Nashik,24.992356781358414,51.698394302632764,2.534918494699556,9.286169357958777,1013.3451203406877,Sunny
2026-03-23,Bengaluru,26.583791502356775,74.93379033065577,1.0101963870055586,8.563487631974787,1007.6861211797844,Sunny
2026-03-23,Delhi,25.708396164572957,56.039936800404355,2.233774491452259,8.051824918768764,1015.8604739448765,Sunny
2026-03-23,Hyderabad,31.75364552761789,71.67352999216695,3.577492548385835,8.892168582261391,1012.7169423367112,Sunny
2026-03-24,Pune,22.539276907928908,62.043264057403356,0.7328059290589237,13.74934210421082,1004.4245232852218,Sunny
2026-03-24,Mumbai,34.02423620430271,70.65779485373926,1.0367997575476584,8.392595610843106,1003.4632102120353,Sunny
2026-03-24,Nashik,22.18855389030306,61.179058100034695,0.11649940764779618,11.623170290477914,1011.2325786052207,Sunny
2026-03-24,Bengaluru,29.448008517806198,73.73311958280964,2.000878713472277,8.920694062632743,1005.3697615695899,Sunny
2026-03-24,Delhi,22.94620208736652,59.30140253291443,0.65105249928659,8.478773153429483,1003.6577422404448,Sunny
2026-03-24,Hyderabad,25.65907761151208,62.38736859368615,7.0587351704515475,9.308797857382698,1007.3788342786585,Rainy
2026-03-25,Pune,29.20994044664783,65.17624667361876,1.0988856460398193,6.675227614552039,1003.6937841864678,Sunny
2026-03-25,Mumbai,28.913155828492116,71.68607760602816,1.3195783837367603,7.234420560624061,1006.9802131395925,Sunny
2026-03-25,Nashik,25.502612742333223,55.34672168518125,1.8508506538853347,9.749847174177122,1012.9284629487053,Sunny
2026-03-25,Bengaluru,26.47776257532389,63.93636021540784,1.9544649426011678,6.101256289217207,1016.1486620893959,Sunny
2026-03-25,Delhi,26.012935805064842,52.25868355623691,2.4526404489001523,5.275061591700928,1016.6303118890598,Sunny
2026-03-25,Hyderabad,30.623447987709632,54.31738192528108,4.0212588349879805,11.65442882571857,1013.7029460820024,Sunny
2026-03-26,Pune,27.965175616108265,53.367639358444585,2.4155573711421625,7.406302818165095,1020.4769422922598,Sunny
2026-03-26,Mumbai,31.09788522057263,73.72079431548454,0.583652064757029,11.716172325142432,1011.6890449150035,Sunny
2026-03-26,Nashik,27.799319213464162,53.3296138451003,0.4178418623425931,7.406826787257458,1011.295360428612,Sunny
2026-03-26,Bengaluru,26.779786630309484,68.9483043853171,1.1383965114424754,8.689707288285348,1003.9671144963066,Sunny
2026-03-26,Delhi,28.36239557430146,64.90727039345244,2.0305004827063358,12.422592999456429,1007.1337884331373,Sunny
2026-03-26,Hyderabad,29.886393436768106,64.83970871537566,0.027681797717852966,7.6487030032408105,1008.5472947384187,Sunny
2026-03-27,Pune,24.70135820359125,55.84088895884778,0.1291331406466294,15.115042441621089,1010.4959834389153,Sunny
2026-03-27,Mumbai,35.02928003957223,79.98546877747268,0.16926299365638992,11.499055330908801,1014.3600113545964,Cloudy
2026-03-27,Nashik,25.181726162084576,58.71341209179861,0.4469922715986941,14.251061238944878,1015.406697515928,Sunny
2026-03-27,Bengaluru,26.377679709955384,76.55968597908515,0.14182954717407414,12.049986978433209,1010.9534309021032,Cloudy
2026-03-27,Delhi,26.674283111709386,69.8193624730968,0.6262828971717277,12.43103504660893,1010.6517918735157,Sunny
2026-03-27,Hyderabad,31.75924990805096,65.20593331205535,1.211538292842597,5.984182600830254,1015.4645931151581,Sunny
2026-03-28,Pune,25.479997894319077,68.59688953103648,1.1687488398079504,11.614972067190779,1012.9212395697206,Sunny
2026-03-28,Mumbai,29.797022302811925,66.13247833025193,0.044313983978938785,10.07616526162723,1002.4016342190117,Sunny
2026-03-28,Nashik,24.960055580980715,51.55136112967913,5.2376249022491566,10.756181028115833,1010.1193380951294,Rainy
2026-03-28,Bengaluru,30.367710452534197,62.90875177835886,0.6028497418291304,9.163111209004574,1010.6011991575208,Sunny
2026-03-28,Delhi,25.970579686345587,59.70025647284445,3.365369125322815,7.91692608779986,1013.6498973047843,Sunny
2026-03-28,Hyderabad,26.47511519937273,56.41462928769127,0.5752493385924038,18.847283275926173,1018.2233979036839,Sunny
2026-03-29,Pune,23.619184926791075,53.38771021628215,3.526992501954175,7.995788043706689,1017.0276761298728,Sunny
2026-03-29,Mumbai,28.13302529731383,68.1831368763942,1.4089589115417203,9.310601108274419,1007.7429678286984,Sunny
2026-03-29,Nashik,25.43489938958241,69.92629501301705,0.4310033200163549,11.25302109545136,1016.2349854384473,Sunny
2026-03-29,Bengaluru,26.433915264333073,68.82327577679284,2.7594786143395025,16.169630694488625,1006.3455578233704,Sunny
2026-03-29,Delhi,25.180951034339763,53.368094350092306,0.3950813787878043,6.8889472918367005,1015.7190784925023,Sunny
2026-03-29,Hyderabad,29.277133209372423,70.72319586629341,0.35195417368150983,7.8712604357524825,1005.7074754466233,Sunny
2026-03-30,Pune,26.45595739641844,58.4575860577209,1.4647100020383288,5.747128197445684,1014.9992964991782,Sunny
2026-03-30,Mumbai,30.633282968650168,72.0353673347599,0.5336772835701117,13.064149886288195,1022.4422138643496,Sunny
2026-03-30,Nashik,21.03354174188447,45.60037807430477,1.5569962540396327,13.257780088968392,1017.2760942566553,Sunny
2026-03-30,Bengaluru,25.99961375794823,61.51415689057562,1.0619141333481446,10.983463518529256,1016.6213506976892,Sunny
2026-03-30,Delhi,21.463760141748022,58.4284358070168,1.8609714582654715,8.992807015240835,1008.0527731987951,Sunny
2026-03-30,Hyderabad,30.08222431610067,57.96966220625097,0.46197878375889284,12.575353349969996,1010.826897150213,Sunny
2026-03-31,Pune,27.09513199135985,52.75704292683228,1.086944413268481,9.862899306709663,1008.1750402562194,Sunny
2026-03-31,Mumbai,36.07110931463446,79.79238263802377,2.333557192114379,10.841909213470409,1020.7931024209756,Cloudy
2026-03-31,Nashik,25.929800685476938,56.945795978339646,3.7071782729358422,3.7425524232301335,1011.065652015748,Sunny
2026-03-31,Bengaluru,25.402254898999708,75.15077818279939,0.40531514943085806,7.599884306807061,1011.6823771269233,Cloudy
2026-03-31,Delhi,27.093132340670127,55.71349172456605,4.640969246999534,9.1728934212374,1016.7034807191134,Sunny
2026-03-31,Hyderabad,30.23994926795462,62.221339866745566,0.13776731471825468,8.17989911570411,1013.0564184613974,Sunny
