Month,Location,Average_Temperature,Average_Humidity,Total_Rainfall
2026-01,Bengaluru,24.51,66.47,54.19
2026-01,Delhi,23.11,58.14,51.59
2026-01,Hyderabad,27.05,62.57,57.44
2026-01,Mumbai,29.75,75.95,56.42
2026-01,Nashik,23.62,54.49,61.0
2026-01,Pune,25.47,60.35,67.74
2026-02,Bengaluru,25.88,68.76,55.55
2026-02,Delhi,23.69,58.22,49.75
2026-02,Hyderabad,28.72,61.85,56.47
2026-02,Mumbai,30.4,75.02,68.7
2026-02,Nashik,24.79,54.61,53.79
2026-02,Pune,25.78,59.37,60.54
2026-03,Bengaluru,26.14,68.8,50.62
2026-03,Delhi,24.71,59.3,45.71
2026-03,Hyderabad,29.38,61.41,57.99
2026-03,Mumbai,30.38,73.78,46.38
2026-03,Nashik,24.43,55.95,55.38
2026-03,Pune,26.71,60.11,43.59
