,Temperature_C,Feels_Like_C,Humidity_Percent,Pressure_hPa,Rainfall_mm,Wind_Speed_kmh,Cloud_Cover_Percent,Solar_Radiation_Wm2,PM2_5_ugm3,PM10_ugm3,NO2_ugm3,CO_mg_m3,O3_ugm3,AQI,Energy_Demand_MW,Energy_Price_INR_kWh,Heat_Index_C,Climate_Opportunity_Score
Temperature_C,1.0,0.974,-0.599,-0.09,-0.1,-0.152,0.008,-0.29,0.009,0.01,0.003,0.015,-0.25,0.001,-0.078,-0.051,0.974,0.028
Feels_Like_C,0.974,1.0,-0.452,-0.1,-0.079,-0.298,0.007,-0.273,-0.007,-0.005,-0.01,0.003,-0.236,-0.015,-0.081,-0.056,1.0,0.047
Humidity_Percent,-0.599,-0.452,1.0,0.003,0.154,0.103,-0.003,0.188,-0.078,-0.074,-0.064,-0.068,0.166,-0.072,0.014,-0.004,-0.452,0.034
Pressure_hPa,-0.09,-0.1,0.003,1.0,0.013,0.019,0.0,-0.002,0.036,0.039,0.029,0.021,-0.005,0.037,0.066,0.064,-0.1,-0.027
Rainfall_mm,-0.1,-0.079,0.154,0.013,1.0,0.022,-0.019,0.03,-0.008,-0.006,0.002,-0.008,0.023,-0.006,0.008,0.002,-0.079,-0.026
Wind_Speed_kmh,-0.152,-0.298,0.103,0.019,0.022,1.0,0.007,0.007,0.004,0.002,-0.001,-0.0,0.013,0.004,-0.002,0.002,-0.298,-0.064
Cloud_Cover_Percent,0.008,0.007,-0.003,0.0,-0.019,0.007,1.0,-0.236,-0.0,0.001,-0.004,0.001,-0.19,-0.007,-0.008,0.017,0.007,-0.182
Solar_Radiation_Wm2,-0.29,-0.273,0.188,-0.002,0.03,0.007,-0.236,1.0,-0.013,-0.018,-0.012,-0.012,0.823,0.014,0.068,-0.029,-0.273,0.669
PM2_5_ugm3,0.009,-0.007,-0.078,0.036,-0.008,0.004,-0.0,-0.013,1.0,0.951,0.856,0.748,-0.012,0.996,0.515,0.507,-0.007,-0.206
PM10_ugm3,0.01,-0.005,-0.074,0.039,-0.006,0.002,0.001,-0.018,0.951,1.0,0.815,0.712,-0.016,0.968,0.489,0.482,-0.005,-0.204
NO2_ugm3,0.003,-0.01,-0.064,0.029,0.002,-0.001,-0.004,-0.012,0.856,0.815,1.0,0.643,-0.011,0.878,0.439,0.432,-0.01,-0.186
CO_mg_m3,0.015,0.003,-0.068,0.021,-0.008,-0.0,0.001,-0.012,0.748,0.712,0.643,1.0,-0.007,0.746,0.383,0.377,0.003,-0.154
O3_ugm3,-0.25,-0.236,0.166,-0.005,0.023,0.013,-0.19,0.823,-0.012,-0.016,-0.011,-0.007,1.0,0.021,0.052,-0.028,-0.236,0.545
AQI,0.001,-0.015,-0.072,0.037,-0.006,0.004,-0.007,0.014,0.996,0.968,0.878,0.746,0.021,1.0,0.515,0.504,-0.015,-0.189
Energy_Demand_MW,-0.078,-0.081,0.014,0.066,0.008,-0.002,-0.008,0.068,0.515,0.489,0.439,0.383,0.052,0.515,1.0,0.973,-0.081,-0.065
Energy_Price_INR_kWh,-0.051,-0.056,-0.004,0.064,0.002,0.002,0.017,-0.029,0.507,0.482,0.432,0.377,-0.028,0.504,0.973,1.0,-0.056,-0.126
Heat_Index_C,0.974,1.0,-0.452,-0.1,-0.079,-0.298,0.007,-0.273,-0.007,-0.005,-0.01,0.003,-0.236,-0.015,-0.081,-0.056,1.0,0.047
Climate_Opportunity_Score,0.028,0.047,0.034,-0.027,-0.026,-0.064,-0.182,0.669,-0.206,-0.204,-0.186,-0.154,0.545,-0.189,-0.065,-0.126,0.047,1.0
