Hour,Average_Temperature_C,Average_Humidity_Percent,Average_Wind_Speed_kmh,Average_AQI,Average_Energy_Demand_MW,Average_Energy_Price
0,28.46,71.93,12.94,49.16,431.5,7.82
1,27.52,72.67,13.39,49.55,448.42,7.9
2,26.16,74.36,14.3,48.6,447.94,7.92
3,25.16,75.87,14.48,48.77,433.47,7.83
4,24.09,77.25,14.53,50.39,452.79,7.93
5,23.12,78.67,14.96,48.99,439.4,7.88
6,22.45,79.31,14.75,48.11,418.13,7.79
7,22.03,80.07,14.94,49.08,467.1,7.91
8,21.79,79.83,14.26,51.08,466.49,7.82
9,22.04,79.97,14.37,49.51,477.89,7.78
10,22.35,79.51,13.99,50.6,526.9,7.96
11,23.15,78.16,13.61,49.51,486.24,7.69
12,24.12,77.22,13.36,50.65,505.23,7.78
13,25.12,75.87,12.47,50.19,479.14,7.66
14,26.16,74.41,12.47,49.24,516.02,7.88
15,27.5,72.64,11.75,49.19,483.83,7.81
16,28.67,71.59,10.81,50.38,485.57,7.9
17,29.38,70.4,11.09,50.95,477.64,7.96
18,30.32,69.28,11.09,51.19,443.0,7.89
19,30.79,69.2,11.0,50.09,474.63,8.01
20,30.86,68.53,10.9,49.68,455.57,7.95
21,30.63,68.66,11.77,50.68,438.07,7.84
22,30.15,69.31,11.94,49.44,449.06,7.91
23,29.5,70.43,12.57,49.74,456.78,7.93
