Month,Month_Name,Average_Temperature_C,Average_Humidity_Percent,Average_AQI,Average_Energy_Demand_MW,Average_Energy_Price,Average_Opportunity_Score
1,January,23.02,78.76,49.06,458.91,7.84,50.74
2,February,24.24,77.02,49.6,466.69,7.87,50.93
3,March,26.13,74.75,49.7,458.63,7.83,51.62
4,April,28.27,71.69,50.57,462.4,7.86,52.01
5,May,29.55,69.76,50.68,484.48,7.96,53.21
6,June,30.39,69.01,51.22,472.01,7.89,53.95
7,July,30.1,69.26,49.82,450.39,7.79,53.59
8,August,28.64,71.82,49.56,477.16,7.91,52.42
9,September,26.62,73.93,50.5,461.19,7.85,51.86
10,October,24.77,76.49,48.62,462.36,7.86,51.6
11,November,23.21,78.62,48.92,473.27,7.89,51.45
12,December,22.6,79.29,48.95,457.53,7.84,50.54
